time,temperature_2m_max,temperature_2m_min,precipitation_sum
2022-01-01,27.8,16.9,0.0
2022-01-02,27.1,16.9,0.0
2022-01-03,27.3,15.3,0.0
2022-01-04,27.0,14.9,0.0
2022-01-05,27.6,14.8,0.0
2022-01-06,27.5,14.7,0.0
2022-01-07,27.6,16.9,0.0
2022-01-08,27.6,18.0,0.3
2022-01-09,28.7,18.0,0.4
2022-01-10,26.5,18.2,3.0
2022-01-11,26.6,17.3,4.9
2022-01-12,26.1,17.0,1.5
2022-01-13,24.1,18.1,1.1
2022-01-14,27.3,18.3,1.2
2022-01-15,25.2,16.8,1.0
2022-01-16,26.5,16.8,0.1
2022-01-17,24.9,15.8,0.8
2022-01-18,27.0,16.6,0.0
2022-01-19,27.6,14.7,0.0
2022-01-20,29.3,14.9,0.0
2022-01-21,29.9,15.4,0.0
2022-01-22,31.0,15.8,0.0
2022-01-23,28.8,16.6,0.0
2022-01-24,26.6,16.0,0.0
2022-01-25,26.9,14.9,0.0
2022-01-26,27.3,15.0,0.0
2022-01-27,26.9,15.7,0.0
2022-01-28,26.4,13.7,0.0
2022-01-29,27.5,12.0,0.0
2022-01-30,28.9,12.3,0.0
2022-01-31,30.2,16.6,0.0
2022-02-01,31.0,17.3,0.0
2022-02-02,31.2,15.9,0.0
2022-02-03,30.8,17.0,0.0
2022-02-04,28.3,17.2,0.0
2022-02-05,28.4,14.0,0.0
2022-02-06,28.7,14.8,0.0
2022-02-07,30.7,16.3,0.0
2022-02-08,30.6,17.7,0.0
2022-02-09,30.6,18.6,0.0
2022-02-10,30.1,17.7,0.0
2022-02-11,29.3,18.8,0.0
2022-02-12,29.2,17.0,0.0
2022-02-13,28.9,15.2,0.0
2022-02-14,29.6,15.3,0.0
2022-02-15,30.1,17.2,0.0
2022-02-16,30.1,18.0,0.0
2022-02-17,30.7,18.6,0.0
2022-02-18,30.6,19.0,0.0
2022-02-19,31.4,17.4,0.0
2022-02-20,32.4,19.2,0.0
2022-02-21,32.5,18.1,0.0
2022-02-22,32.8,17.6,0.0
2022-02-23,32.0,18.2,0.0
2022-02-24,33.0,18.6,0.0
2022-02-25,33.5,18.3,0.0
2022-02-26,32.0,17.7,0.0
2022-02-27,32.2,18.4,0.0
2022-02-28,32.8,17.8,0.0
2022-03-01,33.4,18.4,0.0
2022-03-02,33.3,18.4,0.0
2022-03-03,33.0,19.2,0.0
2022-03-04,33.5,19.3,0.0
2022-03-05,34.1,19.6,0.0
2022-03-06,33.1,19.4,0.0
2022-03-07,33.1,18.9,0.0
2022-03-08,33.7,20.4,0.0
2022-03-09,34.5,20.7,0.0
2022-03-10,33.8,20.3,0.0
2022-03-11,34.2,21.6,0.0
2022-03-12,33.8,22.4,0.0
2022-03-13,34.8,20.7,0.0
2022-03-14,35.3,20.4,0.0
2022-03-15,36.3,17.9,0.0
2022-03-16,37.3,19.8,0.0
2022-03-17,38.4,20.9,0.0
2022-03-18,37.9,22.7,0.0
2022-03-19,35.4,21.5,0.0
2022-03-20,34.6,20.3,1.6
2022-03-21,36.5,23.6,0.0
2022-03-22,36.1,23.0,0.0
2022-03-23,36.9,22.7,0.0
2022-03-24,35.8,21.9,0.0
2022-03-25,36.9,21.9,0.0
2022-03-26,36.9,22.9,0.0
2022-03-27,37.8,22.7,0.0
2022-03-28,38.3,23.6,0.0
2022-03-29,38.4,23.4,0.0
2022-03-30,38.4,22.6,0.0
2022-03-31,38.7,22.7,0.0
2022-04-01,38.0,22.9,0.0
2022-04-02,37.1,23.4,0.0
2022-04-03,37.7,22.9,0.0
2022-04-04,37.1,24.5,0.0
2022-04-05,37.9,23.9,0.0
2022-04-06,37.4,23.0,0.0
2022-04-07,37.1,23.9,0.0
2022-04-08,38.0,23.9,0.0
2022-04-09,37.4,23.3,0.0
2022-04-10,37.4,23.8,0.0
2022-04-11,38.1,24.2,0.0
2022-04-12,38.9,23.5,0.0
2022-04-13,38.1,23.6,0.0
2022-04-14,38.8,23.7,0.0
2022-04-15,38.0,25.2,2.7
2022-04-16,37.6,26.3,0.0
2022-04-17,37.6,25.4,0.0
2022-04-18,37.9,24.8,0.0
2022-04-19,38.8,24.7,0.0
2022-04-20,39.6,24.9,0.0
2022-04-21,36.6,24.4,0.6
2022-04-22,37.0,24.8,0.1
2022-04-23,35.6,24.4,0.0
2022-04-24,35.3,24.3,0.1
2022-04-25,38.1,25.5,0.0
2022-04-26,37.0,24.5,0.0
2022-04-27,37.5,25.3,0.0
2022-04-28,38.5,24.6,0.0
2022-04-29,39.2,24.5,0.0
2022-04-30,39.3,25.2,0.0
2022-05-01,38.6,26.2,0.0
2022-05-02,38.7,25.5,0.0
2022-05-03,38.3,26.2,0.0
2022-05-04,36.7,25.9,1.9
2022-05-05,37.1,25.4,0.0
2022-05-06,38.7,26.6,0.0
2022-05-07,37.8,24.5,0.0
2022-05-08,37.1,26.9,0.0
2022-05-09,39.0,25.2,0.0
2022-05-10,36.9,23.5,0.0
2022-05-11,29.4,24.3,6.4
2022-05-12,33.0,25.5,0.2
2022-05-13,36.7,23.6,0.6
2022-05-14,38.0,26.1,0.1
2022-05-15,37.2,25.4,0.1
2022-05-16,36.1,25.7,0.0
2022-05-17,35.2,22.8,1.2
2022-05-18,34.9,25.4,0.5
2022-05-19,32.4,24.3,2.9
2022-05-20,33.6,24.2,3.6
2022-05-21,35.1,23.6,0.0
2022-05-22,34.9,24.0,0.0
2022-05-23,35.4,24.5,0.0
2022-05-24,36.7,25.7,0.0
2022-05-25,35.9,25.6,0.0
2022-05-26,36.7,26.2,0.3
2022-05-27,36.1,25.3,0.1
2022-05-28,36.7,25.5,0.0
2022-05-29,37.2,26.3,0.0
2022-05-30,37.2,26.7,0.0
2022-05-31,36.3,24.6,1.1
2022-06-01,35.6,23.0,8.2
2022-06-02,37.8,25.6,0.0
2022-06-03,37.9,25.0,0.0
2022-06-04,38.6,27.3,0.0
2022-06-05,38.3,26.5,0.0
2022-06-06,37.7,26.5,0.8
2022-06-07,38.1,24.7,0.4
2022-06-08,33.8,26.4,0.0
2022-06-09,35.9,24.8,0.5
2022-06-10,35.7,25.9,0.0
2022-06-11,34.1,25.0,0.0
2022-06-12,33.9,24.5,0.4
2022-06-13,33.6,25.3,0.5
2022-06-14,33.7,23.6,0.7
2022-06-15,32.5,22.7,11.5
2022-06-16,33.0,23.6,7.8
2022-06-17,33.0,23.0,1.0
2022-06-18,33.1,23.1,3.8
2022-06-19,31.7,23.5,1.6
2022-06-20,31.8,23.9,1.8
2022-06-21,32.0,22.9,10.7
2022-06-22,31.2,23.3,0.3
2022-06-23,31.8,23.5,0.2
2022-06-24,32.0,24.6,0.1
2022-06-25,30.5,24.4,6.5
2022-06-26,27.8,22.9,23.6
2022-06-27,28.1,22.9,12.7
2022-06-28,29.2,22.8,7.9
2022-06-29,31.3,23.5,1.1
2022-06-30,30.3,23.1,2.6
2022-07-01,31.5,23.3,0.6
2022-07-02,31.4,23.2,2.9
2022-07-03,30.8,23.6,3.6
2022-07-04,29.4,22.9,6.1
2022-07-05,27.1,22.9,10.0
2022-07-06,26.1,22.4,20.3
2022-07-07,28.9,22.8,21.0
2022-07-08,24.1,22.5,27.4
2022-07-09,23.5,22.2,55.8
2022-07-10,23.2,21.9,39.9
2022-07-11,26.4,21.9,10.5
2022-07-12,23.1,21.6,36.3
2022-07-13,24.0,21.7,21.3
2022-07-14,26.5,21.9,2.0
2022-07-15,27.9,22.5,0.7
2022-07-16,29.9,22.7,3.3
2022-07-17,26.3,22.8,13.6
2022-07-18,28.7,22.8,8.8
2022-07-19,29.9,22.2,1.3
2022-07-20,30.6,22.9,0.2
2022-07-21,29.1,23.0,0.4
2022-07-22,28.3,23.1,22.8
2022-07-23,26.5,22.3,16.2
2022-07-24,26.6,22.1,2.0
2022-07-25,28.0,22.1,13.1
2022-07-26,28.0,22.0,3.0
2022-07-27,29.8,21.5,2.3
2022-07-28,29.9,21.8,1.6
2022-07-29,30.3,21.9,2.3
2022-07-30,29.7,22.6,3.8
2022-07-31,29.6,22.9,0.5
2022-08-01,29.6,22.8,5.0
2022-08-02,30.2,22.6,6.2
2022-08-03,29.9,23.0,3.4
2022-08-04,30.1,22.6,7.3
2022-08-05,29.0,22.4,6.4
2022-08-06,29.5,22.8,20.2
2022-08-07,28.3,22.6,12.7
2022-08-08,24.6,22.1,22.7
2022-08-09,25.0,22.2,6.2
2022-08-10,28.6,22.0,0.3
2022-08-11,28.8,23.2,0.9
2022-08-12,29.3,23.2,0.5
2022-08-13,28.4,22.7,0.2
2022-08-14,25.9,22.6,7.0
2022-08-15,27.1,21.8,7.4
2022-08-16,29.4,21.8,0.0
2022-08-17,29.9,22.2,0.0
2022-08-18,30.5,22.8,0.1
2022-08-19,29.6,23.4,0.1
2022-08-20,29.2,23.4,0.9
2022-08-21,29.7,23.2,0.5
2022-08-22,29.6,22.3,0.2
2022-08-23,30.0,22.3,0.3
2022-08-24,30.3,22.8,1.6
2022-08-25,30.0,22.0,4.2
2022-08-26,30.7,21.9,1.0
2022-08-27,30.4,22.6,1.7
2022-08-28,30.1,21.7,0.6
2022-08-29,30.0,23.0,8.8
2022-08-30,30.6,21.8,0.7
2022-08-31,30.6,22.3,8.7
2022-09-01,30.5,22.8,7.2
2022-09-02,30.4,22.1,0.4
2022-09-03,31.3,22.1,2.6
2022-09-04,30.0,22.3,10.5
2022-09-05,30.4,21.9,2.5
2022-09-06,30.1,22.0,10.9
2022-09-07,30.2,22.2,19.5
2022-09-08,28.5,21.9,10.9
2022-09-09,28.2,22.5,24.5
2022-09-10,27.9,22.6,20.3
2022-09-11,26.1,22.2,9.2
2022-09-12,27.2,22.4,1.6
2022-09-13,28.8,22.9,0.5
2022-09-14,29.1,22.1,0.9
2022-09-15,29.1,22.2,0.2
2022-09-16,29.1,22.4,0.0
2022-09-17,29.7,22.2,0.3
2022-09-18,29.4,22.5,0.1
2022-09-19,29.0,22.8,3.2
2022-09-20,26.1,22.2,1.8
2022-09-21,28.8,21.7,0.8
2022-09-22,27.9,22.3,3.6
2022-09-23,28.3,21.8,0.8
2022-09-24,29.2,21.7,0.0
2022-09-25,29.3,21.3,0.7
2022-09-26,30.2,21.7,3.1
2022-09-27,29.4,22.2,2.2
2022-09-28,29.3,21.7,14.6
2022-09-29,29.0,21.9,25.5
2022-09-30,29.2,22.1,8.5
2022-10-01,29.6,22.1,1.3
2022-10-02,30.0,21.1,0.0
2022-10-03,30.3,22.8,0.1
2022-10-04,30.1,22.8,0.0
2022-10-05,28.6,22.3,10.9
2022-10-06,25.6,21.6,21.1
2022-10-07,28.6,20.7,2.3
2022-10-08,28.9,21.1,3.5
2022-10-09,28.1,21.4,2.6
2022-10-10,27.9,22.0,1.5
2022-10-11,28.6,22.0,3.2
2022-10-12,29.1,21.6,11.8
2022-10-13,29.0,21.1,3.8
2022-10-14,28.0,21.1,2.0
2022-10-15,26.8,20.9,5.0
2022-10-16,26.7,20.9,6.0
2022-10-17,28.7,21.2,2.0
2022-10-18,28.5,21.2,0.4
2022-10-19,29.3,21.1,1.1
2022-10-20,28.4,21.1,2.8
2022-10-21,29.0,20.0,0.0
2022-10-22,27.9,18.9,0.0
2022-10-23,27.8,17.7,0.0
2022-10-24,28.1,16.8,0.0
2022-10-25,28.2,16.4,0.0
2022-10-26,28.2,15.6,0.0
2022-10-27,28.2,17.1,0.0
2022-10-28,28.9,16.5,0.0
2022-10-29,28.5,18.5,0.0
2022-10-30,28.5,17.4,0.0
2022-10-31,28.0,16.9,0.0
2022-11-01,27.1,17.8,0.2
2022-11-02,27.5,18.6,0.0
2022-11-03,29.8,19.3,0.3
2022-11-04,29.3,19.4,0.6
2022-11-05,29.9,18.9,0.0
2022-11-06,29.4,17.4,0.0
2022-11-07,29.7,16.5,0.0
2022-11-08,29.5,16.7,0.0
2022-11-09,29.0,15.9,0.0
2022-11-10,29.2,16.6,0.0
2022-11-11,29.4,19.3,0.0
2022-11-12,29.4,18.8,0.0
2022-11-13,29.7,18.2,0.0
2022-11-14,29.9,17.8,0.0
2022-11-15,29.7,18.3,0.0
2022-11-16,28.9,14.6,0.0
2022-11-17,29.0,14.4,0.0
2022-11-18,28.4,16.6,0.0
2022-11-19,26.8,16.5,0.0
2022-11-20,26.4,14.9,0.0
2022-11-21,29.2,17.5,0.0
2022-11-22,30.2,20.9,0.0
2022-11-23,29.9,20.4,0.0
2022-11-24,28.7,20.0,0.8
2022-11-25,30.6,20.0,0.0
2022-11-26,30.3,18.3,0.0
2022-11-27,30.0,16.9,0.0
2022-11-28,29.6,17.4,0.0
2022-11-29,28.6,15.5,0.0
2022-11-30,28.1,13.7,0.0
2022-12-01,29.4,17.0,0.0
2022-12-02,29.3,17.7,0.0
2022-12-03,29.3,19.1,0.1
2022-12-04,29.8,19.1,0.0
2022-12-05,28.8,17.3,0.0
2022-12-06,29.8,16.0,0.0
2022-12-07,28.9,16.8,0.0
2022-12-08,26.9,15.8,0.0
2022-12-09,27.5,15.7,0.0
2022-12-10,27.0,17.9,3.8
2022-12-11,25.8,20.1,11.1
2022-12-12,26.9,20.2,1.3
2022-12-13,27.0,20.8,2.3
2022-12-14,28.5,19.6,0.0
2022-12-15,28.9,18.9,0.0
2022-12-16,29.9,18.9,0.0
2022-12-17,29.9,19.1,0.0
2022-12-18,28.3,17.4,0.0
2022-12-19,28.0,15.2,0.0
2022-12-20,28.9,15.3,0.0
2022-12-21,29.3,15.7,0.0
2022-12-22,29.4,16.1,0.0
2022-12-23,30.2,15.2,0.0
2022-12-24,29.6,14.9,0.0
2022-12-25,29.1,14.7,0.0
2022-12-26,28.6,18.2,0.3
2022-12-27,30.2,19.4,0.0
2022-12-28,31.1,18.8,0.0
2022-12-29,30.5,18.9,0.0
2022-12-30,30.4,19.2,0.0
2022-12-31,30.8,18.7,0.0
2023-01-01,30.1,20.0,0.0
2023-01-02,29.4,18.5,0.0
2023-01-03,28.6,18.0,0.0
2023-01-04,28.6,18.0,0.0
2023-01-05,26.8,17.8,0.9
2023-01-06,27.1,18.0,0.3
2023-01-07,27.0,16.8,0.0
2023-01-08,26.1,13.1,0.0
2023-01-09,27.1,11.1,0.0
2023-01-10,28.3,13.8,0.0
2023-01-11,28.2,12.6,0.0
2023-01-12,29.0,13.5,0.0
2023-01-13,29.0,14.6,0.0
2023-01-14,29.3,16.2,0.0
2023-01-15,29.3,16.2,0.0
2023-01-16,29.6,16.0,0.0
2023-01-17,29.5,15.1,0.0
2023-01-18,29.5,15.0,0.0
2023-01-19,28.8,15.0,0.0
2023-01-20,28.2,16.5,0.0
2023-01-21,28.2,15.9,0.0
2023-01-22,28.4,15.0,0.0
2023-01-23,27.8,15.8,0.0
2023-01-24,29.1,16.8,0.0
2023-01-25,28.4,16.5,0.0
2023-01-26,29.1,14.7,0.0
2023-01-27,28.8,15.4,0.0
2023-01-28,29.8,15.5,0.0
2023-01-29,29.1,15.1,0.0
2023-01-30,29.3,17.1,0.0
2023-01-31,30.0,18.3,0.0
2023-02-01,29.9,17.1,0.0
2023-02-02,29.3,17.7,0.0
2023-02-03,29.8,15.2,0.0
2023-02-04,30.3,16.0,0.0
2023-02-05,30.4,15.6,0.0
2023-02-06,30.7,15.9,0.0
2023-02-07,31.4,17.4,0.0
2023-02-08,32.5,18.5,0.0
2023-02-09,32.4,17.6,0.0
2023-02-10,32.8,17.9,0.0
2023-02-11,33.5,16.5,0.0
2023-02-12,33.3,17.2,0.0
2023-02-13,31.6,17.4,0.0
2023-02-14,31.6,14.4,0.0
2023-02-15,32.8,15.8,0.0
2023-02-16,33.4,17.7,0.0
2023-02-17,32.5,17.3,0.0
2023-02-18,31.6,17.6,0.0
2023-02-19,31.7,18.9,0.0
2023-02-20,32.8,16.9,0.0
2023-02-21,34.3,17.1,0.0
2023-02-22,34.8,17.4,0.0
2023-02-23,34.3,17.3,0.0
2023-02-24,34.4,20.0,0.0
2023-02-25,34.6,20.7,0.0
2023-02-26,33.7,18.9,0.0
2023-02-27,33.3,17.8,0.0
2023-02-28,32.9,18.5,0.0
2023-03-01,32.8,19.1,0.0
2023-03-02,33.2,18.4,0.0
2023-03-03,34.2,18.0,0.0
2023-03-04,34.0,20.8,0.0
2023-03-05,34.1,18.6,0.0
2023-03-06,34.4,18.3,0.0
2023-03-07,32.1,19.7,0.0
2023-03-08,33.2,19.1,0.0
2023-03-09,33.5,19.8,0.0
2023-03-10,33.8,19.8,0.0
2023-03-11,33.4,19.2,0.0
2023-03-12,33.7,19.4,0.0
2023-03-13,33.8,18.8,0.0
2023-03-14,34.5,19.6,0.0
2023-03-15,34.8,18.5,0.0
2023-03-16,31.1,20.3,9.7
2023-03-17,26.8,18.9,29.6
2023-03-18,26.6,19.1,17.6
2023-03-19,29.0,17.7,0.3
2023-03-20,29.6,18.5,0.0
2023-03-21,29.9,16.9,0.0
2023-03-22,30.9,18.3,0.0
2023-03-23,31.2,18.8,0.0
2023-03-24,32.3,19.6,0.0
2023-03-25,31.1,20.9,0.7
2023-03-26,33.2,21.2,0.0
2023-03-27,33.6,20.8,0.0
2023-03-28,34.4,20.6,0.0
2023-03-29,34.8,21.0,0.0
2023-03-30,35.1,21.3,0.0
2023-03-31,33.6,21.5,0.0
2023-04-01,33.3,21.2,0.0
2023-04-02,33.4,20.8,0.5
2023-04-03,34.2,21.4,0.0
2023-04-04,35.1,22.4,0.0
2023-04-05,34.4,21.4,0.0
2023-04-06,33.7,22.5,2.5
2023-04-07,34.8,22.9,1.5
2023-04-08,33.3,21.8,0.1
2023-04-09,34.4,22.4,0.0
2023-04-10,35.7,21.4,0.0
2023-04-11,36.6,21.8,0.0
2023-04-12,37.1,22.4,0.0
2023-04-13,37.6,23.5,0.0
2023-04-14,37.0,24.3,0.0
2023-04-15,36.4,24.0,0.0
2023-04-16,36.5,23.4,0.0
2023-04-17,37.0,24.5,0.0
2023-04-18,38.6,24.9,0.0
2023-04-19,38.0,22.9,0.0
2023-04-20,37.9,24.2,0.0
2023-04-21,35.0,23.1,1.6
2023-04-22,35.1,22.7,0.0
2023-04-23,35.0,21.9,0.0
2023-04-24,33.0,23.6,4.2
2023-04-25,33.9,23.9,16.2
2023-04-26,32.2,21.6,2.5
2023-04-27,30.3,23.2,17.3
2023-04-28,31.1,22.0,0.5
2023-04-29,30.2,21.4,19.4
2023-04-30,29.6,21.6,17.7
2023-05-01,29.9,20.0,9.9
2023-05-02,30.1,22.3,7.0
2023-05-03,30.4,22.3,1.0
2023-05-04,31.4,21.5,0.2
2023-05-05,29.6,21.1,8.7
2023-05-06,32.0,21.8,1.8
2023-05-07,32.7,24.6,0.0
2023-05-08,34.1,23.8,0.0
2023-05-09,32.2,23.9,4.3
2023-05-10,33.4,24.1,15.3
2023-05-11,36.2,24.1,0.2
2023-05-12,37.4,22.4,0.0
2023-05-13,38.3,22.4,0.0
2023-05-14,37.8,22.2,0.0
2023-05-15,37.3,24.6,0.0
2023-05-16,36.7,23.9,0.0
2023-05-17,36.6,21.4,0.0
2023-05-18,36.9,23.5,0.0
2023-05-19,37.7,24.9,0.0
2023-05-20,36.5,24.2,0.1
2023-05-21,36.9,24.3,0.0
2023-05-22,36.2,22.5,15.1
2023-05-23,36.4,23.5,0.0
2023-05-24,36.4,24.1,3.4
2023-05-25,35.8,25.7,1.0
2023-05-26,36.2,25.2,0.0
2023-05-27,36.1,25.0,0.0
2023-05-28,36.7,24.2,0.0
2023-05-29,35.8,23.9,9.0
2023-05-30,33.9,22.5,11.0
2023-05-31,37.1,25.1,0.0
2023-06-01,38.0,25.5,0.0
2023-06-02,38.3,26.2,0.0
2023-06-03,37.6,26.1,0.0
2023-06-04,34.7,24.3,6.3
2023-06-05,35.0,23.8,0.0
2023-06-06,35.1,25.8,1.9
2023-06-07,37.0,27.1,0.1
2023-06-08,36.6,27.7,0.0
2023-06-09,37.1,26.9,0.0
2023-06-10,36.8,27.0,0.3
2023-06-11,35.0,27.1,0.0
2023-06-12,36.1,26.9,0.0
2023-06-13,36.8,26.9,0.0
2023-06-14,36.6,26.9,0.0
2023-06-15,36.3,26.9,0.0
2023-06-16,36.8,27.2,0.0
2023-06-17,36.7,27.3,0.0
2023-06-18,36.5,28.0,0.0
2023-06-19,36.4,27.9,0.1
2023-06-20,36.2,27.3,0.4
2023-06-21,35.4,24.4,9.3
2023-06-22,34.3,24.4,4.7
2023-06-23,33.2,24.4,11.2
2023-06-24,29.3,23.6,16.5
2023-06-25,31.6,23.4,3.9
2023-06-26,30.6,24.0,3.1
2023-06-27,31.9,24.1,1.0
2023-06-28,31.5,23.7,1.6
2023-06-29,32.1,23.9,0.1
2023-06-30,32.3,23.8,0.3
2023-07-01,33.1,24.6,0.3
2023-07-02,33.1,24.2,0.8
2023-07-03,32.7,23.7,1.9
2023-07-04,32.7,25.0,0.2
2023-07-05,30.2,23.6,3.3
2023-07-06,28.0,23.6,10.9
2023-07-07,29.8,22.9,2.9
2023-07-08,31.0,23.8,0.8
2023-07-09,31.2,23.7,1.2
2023-07-10,30.4,24.7,0.1
2023-07-11,29.2,24.4,0.0
2023-07-12,30.7,23.7,1.8
2023-07-13,31.5,23.3,0.7
2023-07-14,31.4,23.1,1.4
2023-07-15,30.5,23.7,0.9
2023-07-16,27.3,23.7,7.0
2023-07-17,29.2,23.1,6.4
2023-07-18,25.7,22.6,29.1
2023-07-19,26.4,22.3,28.8
2023-07-20,24.1,22.4,28.9
2023-07-21,27.5,22.6,17.8
2023-07-22,28.7,23.0,4.0
2023-07-23,28.5,23.2,17.4
2023-07-24,27.9,22.9,9.9
2023-07-25,27.4,22.6,16.1
2023-07-26,26.9,22.9,23.8
2023-07-27,24.1,22.5,82.7
2023-07-28,29.4,22.8,0.8
2023-07-29,29.8,23.2,0.8
2023-07-30,30.0,22.9,2.9
2023-07-31,27.8,23.6,1.1
2023-08-01,28.9,23.5,1.6
2023-08-02,28.7,23.4,0.2
2023-08-03,29.5,23.0,0.7
2023-08-04,30.0,22.7,1.7
2023-08-05,30.7,22.8,0.4
2023-08-06,30.5,22.9,0.4
2023-08-07,30.0,23.1,0.3
2023-08-08,29.9,22.8,0.0
2023-08-09,30.6,23.3,0.4
2023-08-10,30.8,23.4,0.7
2023-08-11,30.7,23.1,0.3
2023-08-12,31.2,23.8,0.1
2023-08-13,30.6,23.6,0.0
2023-08-14,30.8,23.6,0.1
2023-08-15,30.3,23.2,3.8
2023-08-16,29.5,23.4,3.8
2023-08-17,29.6,23.8,0.9
2023-08-18,28.5,23.4,3.3
2023-08-19,27.2,22.3,5.2
2023-08-20,29.9,22.0,1.4
2023-08-21,30.4,22.8,0.0
2023-08-22,29.8,22.7,2.0
2023-08-23,30.6,23.3,0.0
2023-08-24,31.1,23.6,0.3
2023-08-25,31.4,24.2,4.4
2023-08-26,31.0,22.7,0.7
2023-08-27,31.6,23.3,0.0
2023-08-28,31.2,23.5,0.6
2023-08-29,30.5,22.6,0.5
2023-08-30,31.3,22.0,0.1
2023-08-31,31.8,22.3,0.0
2023-09-01,32.4,22.6,8.9
2023-09-02,31.1,22.7,23.3
2023-09-03,29.2,22.8,27.9
2023-09-04,24.7,22.3,30.0
2023-09-05,26.3,22.0,27.0
2023-09-06,27.8,22.5,9.7
2023-09-07,29.2,23.0,1.7
2023-09-08,28.8,23.1,8.5
2023-09-09,29.5,23.1,3.3
2023-09-10,29.3,22.8,14.1
2023-09-11,29.4,23.2,0.0
2023-09-12,29.6,22.6,0.2
2023-09-13,29.9,22.9,0.2
2023-09-14,28.5,23.8,0.1
2023-09-15,29.8,23.6,0.1
2023-09-16,29.6,23.6,1.1
2023-09-17,29.7,22.8,0.1
2023-09-18,30.8,23.2,0.7
2023-09-19,31.3,23.4,0.0
2023-09-20,31.0,24.1,3.2
2023-09-21,29.6,23.0,3.8
2023-09-22,29.1,22.7,1.9
2023-09-23,29.4,22.7,8.2
2023-09-24,28.4,22.1,3.1
2023-09-25,29.1,22.5,3.3
2023-09-26,30.0,22.4,7.7
2023-09-27,30.1,22.2,5.7
2023-09-28,30.9,22.2,17.0
2023-09-29,30.2,22.4,30.9
2023-09-30,30.0,21.9,1.9
2023-10-01,30.2,22.6,6.9
2023-10-02,30.5,22.8,0.8
2023-10-03,31.4,24.6,0.0
2023-10-04,31.4,23.2,0.0
2023-10-05,31.5,21.5,0.0
2023-10-06,31.6,20.9,0.0
2023-10-07,31.9,20.8,0.0
2023-10-08,31.9,19.9,0.0
2023-10-09,32.6,20.8,0.0
2023-10-10,32.0,21.7,24.6
2023-10-11,33.4,20.6,0.0
2023-10-12,32.6,21.6,0.0
2023-10-13,32.4,21.2,0.0
2023-10-14,32.0,22.7,0.0
2023-10-15,32.3,21.6,0.0
2023-10-16,31.0,22.4,0.8
2023-10-17,31.4,21.5,0.2
2023-10-18,31.4,22.0,0.1
2023-10-19,32.6,20.1,0.0
2023-10-20,32.3,20.7,0.0
2023-10-21,31.1,20.8,0.0
2023-10-22,31.5,20.2,0.0
2023-10-23,30.7,18.4,0.0
2023-10-24,30.7,16.6,0.0
2023-10-25,30.9,17.1,0.0
2023-10-26,30.2,17.3,0.0
2023-10-27,30.6,16.6,0.0
2023-10-28,30.9,17.0,0.1
2023-10-29,31.1,20.2,1.8
2023-10-30,29.6,19.9,0.3
2023-10-31,29.9,20.2,0.0
2023-11-01,30.7,20.1,0.0
2023-11-02,30.5,19.9,4.5
2023-11-03,30.8,20.4,1.9
2023-11-04,30.0,20.4,1.7
2023-11-05,30.1,20.1,0.0
2023-11-06,30.2,21.3,6.5
2023-11-07,29.5,21.0,8.3
2023-11-08,29.6,21.2,9.0
2023-11-09,28.9,20.9,0.0
2023-11-10,29.4,20.7,0.0
2023-11-11,29.7,19.1,0.0
2023-11-12,30.7,19.9,0.0
2023-11-13,30.0,18.8,0.0
2023-11-14,29.7,19.2,0.0
2023-11-15,29.4,18.5,0.0
2023-11-16,29.5,18.8,0.0
2023-11-17,29.8,18.2,0.0
2023-11-18,29.7,18.5,0.0
2023-11-19,29.8,18.9,0.0
2023-11-20,29.9,18.5,0.0
2023-11-21,28.8,19.5,0.9
2023-11-22,29.0,19.5,0.9
2023-11-23,27.6,20.3,1.2
2023-11-24,27.1,20.5,7.2
2023-11-25,28.6,19.8,0.0
2023-11-26,28.4,20.7,0.2
2023-11-27,29.0,19.7,0.0
2023-11-28,29.5,20.1,5.9
2023-11-29,28.9,20.0,0.8
2023-11-30,29.3,20.2,0.0
2023-12-01,29.2,19.2,0.0
2023-12-02,29.7,17.9,0.0
2023-12-03,30.2,19.4,0.0
2023-12-04,28.0,20.8,1.0
2023-12-05,25.5,20.6,6.2
2023-12-06,28.8,19.5,3.1
2023-12-07,27.9,18.6,0.0
2023-12-08,28.2,16.7,0.0
2023-12-09,28.6,17.2,0.0
2023-12-10,28.4,16.8,0.0
2023-12-11,27.6,16.2,0.0
2023-12-12,27.5,15.7,0.0
2023-12-13,27.3,15.7,0.0
2023-12-14,26.4,16.1,0.0
2023-12-15,26.7,16.0,0.0
2023-12-16,26.6,17.1,0.0
2023-12-17,27.3,17.7,0.0
2023-12-18,27.1,17.2,0.0
2023-12-19,26.8,16.8,0.0
2023-12-20,26.9,15.9,0.0
2023-12-21,27.9,13.8,0.0
2023-12-22,28.1,13.2,0.0
2023-12-23,28.2,16.5,0.0
2023-12-24,28.4,16.1,0.0
2023-12-25,28.3,16.4,0.0
2023-12-26,29.3,16.7,0.0
2023-12-27,28.3,16.9,0.0
2023-12-28,27.5,15.4,0.0
2023-12-29,27.5,14.3,0.0
2023-12-30,28.0,14.7,0.0
2023-12-31,27.9,15.1,0.0
2024-01-01,27.7,14.7,0.0
2024-01-02,27.3,14.6,0.0
2024-01-03,27.1,17.1,0.0
2024-01-04,27.7,18.2,0.0
2024-01-05,27.6,17.0,0.0
2024-01-06,27.9,16.9,0.0
2024-01-07,27.0,17.5,0.0
2024-01-08,27.4,16.5,0.0
2024-01-09,28.3,17.0,0.0
2024-01-10,26.0,17.6,0.5
2024-01-11,29.5,17.7,0.0
2024-01-12,30.0,18.6,0.0
2024-01-13,30.0,17.6,0.0
2024-01-14,30.3,17.6,0.0
2024-01-15,29.2,17.3,0.0
2024-01-16,29.8,18.3,0.0
2024-01-17,29.8,17.7,0.0
2024-01-18,28.6,18.1,0.0
2024-01-19,29.9,17.0,0.0
2024-01-20,29.0,18.9,0.0
2024-01-21,30.1,18.2,0.0
2024-01-22,31.0,20.3,0.0
2024-01-23,30.7,19.0,0.0
2024-01-24,29.6,19.2,0.0
2024-01-25,28.3,18.1,0.0
2024-01-26,29.6,17.8,0.0
2024-01-27,29.0,17.5,0.0
2024-01-28,29.1,16.4,0.0
2024-01-29,29.2,15.9,0.0
2024-01-30,29.3,16.6,0.0
2024-01-31,30.8,16.8,0.0
2024-02-01,31.1,18.3,0.0
2024-02-02,30.8,17.1,0.0
2024-02-03,29.9,19.4,0.2
2024-02-04,31.3,20.4,0.0
2024-02-05,32.4,19.0,0.0
2024-02-06,32.8,20.2,0.0
2024-02-07,33.4,20.3,0.0
2024-02-08,33.1,20.6,0.0
2024-02-09,32.4,19.3,0.0
2024-02-10,32.3,20.5,0.0
2024-02-11,32.7,19.8,0.0
2024-02-12,32.0,19.0,0.0
2024-02-13,32.3,18.0,0.0
2024-02-14,32.6,18.9,0.0
2024-02-15,32.3,18.2,0.0
2024-02-16,32.0,16.7,0.0
2024-02-17,33.0,17.2,0.0
2024-02-18,33.5,17.7,0.0
2024-02-19,33.6,18.5,0.0
2024-02-20,33.4,19.7,0.0
2024-02-21,33.3,19.9,0.0
2024-02-22,33.0,19.0,0.0
2024-02-23,32.6,19.3,0.0
2024-02-24,33.7,18.7,0.1
2024-02-25,32.0,22.3,0.4
2024-02-26,32.3,20.7,0.1
2024-02-27,33.4,19.6,0.0
2024-02-28,32.9,20.3,0.0
2024-02-29,33.7,19.7,0.0
2024-03-01,34.3,20.3,0.0
2024-03-02,35.4,20.7,0.0
2024-03-03,35.1,21.4,0.0
2024-03-04,34.8,21.1,0.0
2024-03-05,34.6,20.9,0.0
2024-03-06,36.3,23.0,0.0
2024-03-07,36.1,22.6,0.0
2024-03-08,35.8,20.8,0.0
2024-03-09,36.3,21.7,0.0
2024-03-10,34.8,23.0,0.2
2024-03-11,35.6,23.0,0.0
2024-03-12,36.3,22.7,0.0
2024-03-13,37.4,25.9,0.0
2024-03-14,35.4,23.0,0.0
2024-03-15,37.8,22.3,0.0
2024-03-16,35.1,22.3,0.4
2024-03-17,34.9,22.8,5.7
2024-03-18,34.3,23.4,0.9
2024-03-19,34.9,22.3,0.2
2024-03-20,30.8,21.8,0.2
2024-03-21,33.1,20.4,0.0
2024-03-22,35.1,19.8,0.0
2024-03-23,35.4,20.9,0.0
2024-03-24,35.4,23.0,0.0
2024-03-25,35.5,23.0,0.0
2024-03-26,36.9,22.6,0.0
2024-03-27,37.2,22.4,0.0
2024-03-28,38.3,21.9,0.0
2024-03-29,38.7,23.7,0.0
2024-03-30,38.4,23.1,0.0
2024-03-31,37.6,23.0,0.0
2024-04-01,38.0,22.7,0.0
2024-04-02,37.7,23.9,0.0
2024-04-03,38.4,24.5,0.0
2024-04-04,38.8,23.6,0.0
2024-04-05,39.2,25.8,0.0
2024-04-06,38.7,26.4,0.0
2024-04-07,39.5,25.0,0.0
2024-04-08,37.3,25.8,0.0
2024-04-09,35.0,23.8,0.0
2024-04-10,35.6,24.2,0.0
2024-04-11,35.4,24.4,0.0
2024-04-12,31.2,23.7,6.3
2024-04-13,33.1,22.5,1.8
2024-04-14,36.6,23.8,0.0
2024-04-15,37.7,23.8,0.0
2024-04-16,37.8,24.4,0.0
2024-04-17,37.8,24.9,0.1
2024-04-18,38.6,26.4,0.0
2024-04-19,37.8,26.1,0.1
2024-04-20,36.4,25.8,0.5
2024-04-21,36.9,26.2,1.7
2024-04-22,37.0,25.7,0.0
2024-04-23,39.0,23.4,0.0
2024-04-24,38.7,22.9,0.0
2024-04-25,39.0,25.5,0.0
2024-04-26,40.4,23.8,0.0
2024-04-27,38.7,24.7,0.0
2024-04-28,40.5,25.8,0.0
2024-04-29,39.6,25.5,0.0
2024-04-30,39.9,25.8,0.0
2024-05-01,40.5,28.0,0.0
2024-05-02,39.6,25.2,0.0
2024-05-03,40.4,24.0,0.0
2024-05-04,41.4,24.9,0.0
2024-05-05,40.0,26.0,0.0
2024-05-06,40.8,25.9,0.0
2024-05-07,35.1,23.9,1.6
2024-05-08,36.5,23.4,0.8
2024-05-09,36.2,23.6,0.8
2024-05-10,34.8,22.0,22.9
2024-05-11,37.3,24.2,0.0
2024-05-12,35.8,24.2,5.1
2024-05-13,34.9,24.9,1.6
2024-05-14,35.0,24.4,0.5
2024-05-15,36.1,24.6,1.0
2024-05-16,32.9,23.7,13.5
2024-05-17,32.6,23.1,2.3
2024-05-18,33.1,24.2,10.7
2024-05-19,32.8,23.7,10.3
2024-05-20,32.7,23.1,9.2
2024-05-21,34.6,24.7,0.2
2024-05-22,35.2,24.4,5.5
2024-05-23,36.3,25.0,0.0
2024-05-24,38.6,26.4,0.0
2024-05-25,37.0,27.3,0.5
2024-05-26,37.6,28.2,0.2
2024-05-27,38.0,27.9,0.0
2024-05-28,37.0,26.8,0.0
2024-05-29,38.6,27.0,0.0
2024-05-30,38.4,27.9,0.0
2024-05-31,39.5,28.0,0.0
2024-06-01,39.2,27.6,0.0
2024-06-02,37.2,26.1,25.2
2024-06-03,33.6,22.7,11.9
2024-06-04,33.5,25.2,7.4
2024-06-05,32.3,24.2,34.1
2024-06-06,34.1,23.6,38.3
2024-06-07,32.0,23.3,4.5
2024-06-08,31.3,24.0,6.3
2024-06-09,30.9,23.3,1.6
2024-06-10,29.2,23.4,10.6
2024-06-11,31.1,23.1,6.0
2024-06-12,31.1,22.6,6.2
2024-06-13,32.1,23.4,32.4
2024-06-14,30.4,23.2,8.7
2024-06-15,31.6,23.5,0.8
2024-06-16,31.2,23.9,2.1
2024-06-17,32.4,23.6,2.8
2024-06-18,32.6,23.8,0.4
2024-06-19,30.3,23.8,6.5
2024-06-20,32.1,24.5,0.6
2024-06-21,32.3,24.5,2.8
2024-06-22,29.0,23.9,15.8
2024-06-23,31.9,23.2,2.5
2024-06-24,31.5,23.8,0.1
2024-06-25,32.5,24.1,7.9
2024-06-26,31.7,24.0,7.4
2024-06-27,27.5,23.5,28.0
2024-06-28,28.9,23.0,8.9
2024-06-29,30.0,23.4,2.2
2024-06-30,28.6,23.7,11.8
2024-07-01,28.9,23.4,1.0
2024-07-02,30.9,23.6,1.8
2024-07-03,30.7,23.5,0.0
2024-07-04,31.3,24.0,0.1
2024-07-05,30.8,23.7,2.4
2024-07-06,29.6,23.2,9.9
2024-07-07,28.9,22.8,9.3
2024-07-08,29.1,22.7,25.9
2024-07-09,29.3,23.1,8.6
2024-07-10,31.2,22.6,2.1
2024-07-11,31.0,23.1,12.0
2024-07-12,30.9,23.3,3.3
2024-07-13,30.5,23.1,3.6
2024-07-14,26.2,23.0,17.7
2024-07-15,29.1,23.3,5.4
2024-07-16,29.8,23.0,8.8
2024-07-17,28.7,22.9,3.6
2024-07-18,27.6,23.1,10.8
2024-07-19,27.5,22.4,28.3
2024-07-20,25.9,22.7,20.6
2024-07-21,27.7,22.4,13.5
2024-07-22,25.8,22.8,10.2
2024-07-23,26.6,23.0,11.9
2024-07-24,24.6,22.4,25.7
2024-07-25,24.9,22.4,18.2
2024-07-26,27.2,22.0,13.5
2024-07-27,25.5,22.9,10.5
2024-07-28,28.7,22.7,4.8
2024-07-29,29.3,23.3,3.8
2024-07-30,29.9,23.4,0.0
2024-07-31,29.6,23.4,1.5
2024-08-01,29.0,23.7,3.7
2024-08-02,27.4,22.9,11.5
2024-08-03,28.2,23.1,0.4
2024-08-04,29.0,22.9,4.9
2024-08-05,30.2,22.7,0.5
2024-08-06,29.1,22.5,5.5
2024-08-07,25.1,22.6,22.2
2024-08-08,29.0,22.0,7.9
2024-08-09,30.3,21.9,3.6
2024-08-10,30.3,22.8,0.4
2024-08-11,29.4,22.9,0.2
2024-08-12,28.2,23.1,39.0
2024-08-13,30.4,22.6,2.2
2024-08-14,30.8,23.6,0.2
2024-08-15,31.0,23.3,1.1
2024-08-16,31.2,23.1,26.6
2024-08-17,30.4,22.8,3.2
2024-08-18,31.2,23.6,7.8
2024-08-19,28.8,23.6,17.3
2024-08-20,29.9,23.1,8.2
2024-08-21,31.2,23.0,7.4
2024-08-22,30.1,22.7,6.9
2024-08-23,28.4,23.2,0.2
2024-08-24,27.3,22.9,12.7
2024-08-25,27.0,22.1,9.1
2024-08-26,29.2,22.4,1.8
2024-08-27,29.7,22.4,4.0
2024-08-28,29.3,22.4,3.3
2024-08-29,29.2,22.3,1.0
2024-08-30,24.8,22.9,15.9
2024-08-31,25.1,21.9,25.0
2024-09-01,23.1,21.7,72.0
2024-09-02,25.1,22.0,19.6
2024-09-03,27.6,22.8,8.8
2024-09-04,28.1,22.6,7.9
2024-09-05,29.4,22.6,3.7
2024-09-06,29.0,22.6,2.9
2024-09-07,26.5,22.8,10.3
2024-09-08,26.4,22.7,16.1
2024-09-09,25.0,22.7,12.9
2024-09-10,29.3,22.4,2.5
2024-09-11,29.4,22.0,0.1
2024-09-12,28.7,22.1,0.0
2024-09-13,28.7,21.9,0.0
2024-09-14,29.2,21.7,0.0
2024-09-15,29.4,21.8,0.0
2024-09-16,27.8,22.2,0.8
2024-09-17,29.8,22.1,0.0
2024-09-18,29.5,21.0,0.1
2024-09-19,30.4,21.1,0.0
2024-09-20,30.9,22.1,0.4
2024-09-21,29.5,22.3,6.1
2024-09-22,29.3,22.2,2.4
2024-09-23,29.2,22.2,20.0
2024-09-24,29.3,22.5,13.6
2024-09-25,28.7,22.7,14.6
2024-09-26,27.8,22.9,8.6
2024-09-27,29.0,22.8,0.0
2024-09-28,29.6,22.2,0.0
2024-09-29,30.7,22.1,0.8
2024-09-30,29.9,22.5,3.7
2024-10-01,31.2,22.7,2.7
2024-10-02,31.8,22.4,3.1
2024-10-03,31.5,22.5,1.1
2024-10-04,30.7,22.4,0.1
2024-10-05,30.4,22.3,2.2
2024-10-06,30.7,22.3,1.4
2024-10-07,30.0,21.7,2.1
2024-10-08,29.7,21.6,0.2
2024-10-09,30.2,22.4,2.7
2024-10-10,29.2,22.5,1.4
2024-10-11,29.7,22.6,1.7
2024-10-12,29.5,22.3,4.4
2024-10-13,29.7,22.2,2.7
2024-10-14,28.6,21.0,0.2
2024-10-15,29.4,22.1,11.0
2024-10-16,29.4,21.9,6.6
2024-10-17,29.0,22.7,7.8
2024-10-18,28.8,23.0,2.6
2024-10-19,30.3,22.0,0.9
2024-10-20,29.4,21.4,5.9
2024-10-21,29.6,20.8,1.2
2024-10-22,29.5,20.9,6.1
2024-10-23,30.5,21.0,0.0
2024-10-24,30.7,19.5,0.0
2024-10-25,30.1,19.9,0.0
2024-10-26,30.2,20.3,0.4
2024-10-27,30.5,18.7,0.0
2024-10-28,30.3,19.5,0.0
2024-10-29,30.5,20.0,0.1
2024-10-30,30.2,21.5,6.5
2024-10-31,28.7,21.1,11.3
2024-11-01,30.1,21.3,6.1
2024-11-02,29.2,20.7,1.6
2024-11-03,28.4,20.6,1.2
2024-11-04,29.5,20.4,0.0
2024-11-05,29.7,18.5,0.0
2024-11-06,30.2,18.1,0.0
2024-11-07,29.8,17.8,0.0
2024-11-08,29.6,17.6,0.0
2024-11-09,29.8,18.2,0.0
2024-11-10,29.9,18.5,0.0
2024-11-11,29.3,18.8,0.0
2024-11-12,29.9,20.5,0.0
2024-11-13,30.3,22.5,0.0
2024-11-14,29.5,21.9,1.0
2024-11-15,30.7,21.6,1.4
2024-11-16,30.6,21.9,0.0
2024-11-17,29.5,20.8,0.0
2024-11-18,28.6,19.9,0.0
2024-11-19,28.3,19.6,0.0
2024-11-20,28.1,18.8,0.0
2024-11-21,28.3,19.2,0.0
2024-11-22,28.6,19.1,0.0
2024-11-23,28.3,19.0,0.0
2024-11-24,28.4,19.4,0.0
2024-11-25,27.5,18.6,0.0
2024-11-26,28.8,18.6,0.0
2024-11-27,27.5,18.9,0.0
2024-11-28,26.9,18.0,0.0
2024-11-29,29.0,17.9,0.0
2024-11-30,29.1,21.1,0.0
2024-12-01,28.1,22.1,0.7
2024-12-02,27.3,21.7,4.2
2024-12-03,27.4,21.3,3.5
2024-12-04,28.3,21.8,0.8
2024-12-05,27.4,21.1,12.2
2024-12-06,29.1,21.6,3.1
2024-12-07,30.0,21.1,1.4
2024-12-08,28.7,21.8,1.1
2024-12-09,27.8,21.4,1.0
2024-12-10,28.2,21.0,0.6
2024-12-11,27.2,18.6,0.0
2024-12-12,27.4,17.5,0.0
2024-12-13,26.9,18.0,0.0
2024-12-14,26.6,17.5,0.0
2024-12-15,26.6,16.9,0.0
2024-12-16,27.0,15.5,0.0
2024-12-17,27.5,15.3,0.0
2024-12-18,28.0,16.7,0.0
2024-12-19,28.9,18.5,0.0
2024-12-20,29.4,20.9,0.0
2024-12-21,29.9,20.0,0.0
2024-12-22,28.5,20.2,0.0
2024-12-23,28.6,19.8,0.0
2024-12-24,28.5,21.0,0.0
2024-12-25,27.7,20.0,0.1
2024-12-26,25.9,20.6,0.5
2024-12-27,26.4,20.6,1.9
2024-12-28,27.9,18.8,0.0
2024-12-29,28.9,19.3,0.0
2024-12-30,30.0,19.4,0.0
2024-12-31,28.7,19.9,0.0
2025-01-01,28.6,20.5,0.0
2025-01-02,28.2,18.6,0.0
2025-01-03,28.9,18.2,0.0
2025-01-04,28.9,18.5,0.0
2025-01-05,28.2,16.4,0.0
2025-01-06,27.5,17.7,0.0
2025-01-07,28.6,18.0,0.0
2025-01-08,27.2,18.7,0.0
2025-01-09,25.8,17.0,0.0
2025-01-10,26.4,17.3,0.0
2025-01-11,26.8,17.8,0.0
2025-01-12,27.7,18.0,0.0
2025-01-13,28.7,19.0,0.0
2025-01-14,28.5,18.4,0.0
2025-01-15,28.1,18.7,0.0
2025-01-16,28.2,18.9,0.0
2025-01-17,28.4,18.9,0.0
2025-01-18,26.9,18.5,0.0
2025-01-19,29.3,19.0,0.0
2025-01-20,29.5,19.2,0.0
2025-01-21,30.5,18.2,0.0
2025-01-22,30.1,18.6,0.0
2025-01-23,29.6,18.5,0.0
2025-01-24,30.6,19.0,0.0
2025-01-25,31.3,18.3,0.0
2025-01-26,30.1,19.6,0.0
2025-01-27,31.2,19.2,0.0
2025-01-28,31.0,19.3,0.0
2025-01-29,30.5,19.8,0.0
2025-01-30,31.0,19.3,0.0
2025-01-31,32.4,19.6,0.0
2025-02-01,32.2,21.0,0.0
2025-02-02,32.3,21.3,0.0
2025-02-03,32.2,20.9,0.0
2025-02-04,33.1,20.0,0.0
2025-02-05,33.4,22.1,0.0
2025-02-06,32.4,21.6,0.0
2025-02-07,32.1,21.9,0.0
2025-02-08,32.3,22.2,0.0
2025-02-09,31.6,22.1,0.0
2025-02-10,32.3,21.4,0.0
2025-02-11,33.7,21.5,0.0
2025-02-12,34.4,22.0,0.0
2025-02-13,33.6,21.5,0.0
2025-02-14,32.8,22.4,0.0
2025-02-15,32.9,20.6,0.0
2025-02-16,33.5,20.4,0.0
2025-02-17,34.3,21.4,0.0
2025-02-18,34.7,21.9,0.0
2025-02-19,34.0,23.0,0.0
2025-02-20,33.9,23.4,0.5
2025-02-21,32.8,23.3,0.0
2025-02-22,33.9,22.3,0.0
2025-02-23,33.2,23.0,0.0
2025-02-24,32.3,22.7,0.0
2025-02-25,31.8,21.1,0.0
2025-02-26,31.8,21.7,0.0
2025-02-27,32.4,21.6,0.0
2025-02-28,32.5,21.7,0.0
2025-03-01,32.8,21.6,0.0
2025-03-02,34.5,22.5,0.0
2025-03-03,35.6,23.5,0.0
2025-03-04,36.0,22.8,0.0
2025-03-05,33.7,23.9,0.0
2025-03-06,32.5,21.1,0.0
2025-03-07,33.4,19.3,0.0
2025-03-08,35.8,19.8,0.0
2025-03-09,34.7,22.6,0.0
2025-03-10,32.6,20.7,0.0
2025-03-11,33.6,22.1,0.0
2025-03-12,35.8,22.4,0.0
2025-03-13,37.6,23.7,0.0
2025-03-14,37.4,25.5,0.0
2025-03-15,37.4,26.0,0.0
2025-03-16,37.2,25.8,0.0
2025-03-17,37.6,24.9,0.0
2025-03-18,37.0,26.2,0.0
2025-03-19,36.1,24.6,0.0
2025-03-20,35.3,22.1,0.0
2025-03-21,35.8,22.4,0.0
2025-03-22,33.8,23.0,0.5
2025-03-23,32.3,22.8,0.1
2025-03-24,33.3,22.8,0.0
2025-03-25,34.5,23.0,0.0
2025-03-26,36.2,24.0,0.0
2025-03-27,37.5,25.1,0.0
2025-03-28,37.8,26.1,0.0
2025-03-29,37.6,26.2,0.0
2025-03-30,38.1,26.8,0.0
2025-03-31,37.0,26.1,0.0
2025-04-01,35.2,23.8,0.0
2025-04-02,32.8,23.3,0.0
2025-04-03,30.3,21.6,9.4
2025-04-04,30.6,21.4,3.0
2025-04-05,32.5,23.6,0.0
2025-04-06,34.5,23.1,0.0
2025-04-07,36.1,23.8,0.0
2025-04-08,35.6,23.9,0.1
2025-04-09,36.8,23.8,0.0
2025-04-10,37.1,25.4,0.0
2025-04-11,37.0,24.3,0.0
2025-04-12,37.1,25.3,0.0
2025-04-13,37.0,25.1,0.0
2025-04-14,36.9,24.9,0.0
2025-04-15,36.2,25.6,0.0
2025-04-16,36.2,24.3,0.0
2025-04-17,35.9,25.1,0.3
2025-04-18,37.2,25.6,0.0
2025-04-19,35.3,26.7,1.7
2025-04-20,37.9,27.3,0.0
2025-04-21,37.8,26.7,0.1
2025-04-22,38.5,27.7,0.1
2025-04-23,38.3,28.0,0.0
2025-04-24,38.7,27.8,0.0
2025-04-25,38.4,28.9,0.0
2025-04-26,37.6,27.0,0.0
2025-04-27,32.9,24.7,8.2
2025-04-28,37.0,24.9,0.0
2025-04-29,36.9,25.0,0.0
2025-04-30,38.4,25.6,0.0
2025-05-01,37.9,25.2,0.0
2025-05-02,38.7,25.5,0.0
2025-05-03,38.6,26.2,0.0
2025-05-04,38.5,26.1,0.0
2025-05-05,37.5,23.9,0.0
2025-05-06,36.8,24.9,0.0
2025-05-07,36.0,24.8,0.8
2025-05-08,35.2,26.4,0.0
2025-05-09,35.6,25.1,0.0
2025-05-10,36.5,26.7,0.0
2025-05-11,37.6,27.4,0.2
2025-05-12,37.0,26.3,0.0
2025-05-13,36.5,26.1,0.0
2025-05-14,36.9,25.5,0.2
2025-05-15,33.6,22.8,11.5
2025-05-16,35.5,25.0,0.3
2025-05-17,34.9,26.1,0.6
2025-05-18,35.2,25.0,1.5
2025-05-19,34.0,23.6,8.8
2025-05-20,34.5,25.7,1.9
2025-05-21,30.2,24.1,24.5
2025-05-22,30.8,23.7,5.4
2025-05-23,31.5,24.0,1.0
2025-05-24,31.1,24.5,1.6
2025-05-25,30.4,23.2,2.6
2025-05-26,28.8,23.7,2.0
2025-05-27,30.7,23.4,1.5
2025-05-28,28.0,23.8,3.5
2025-05-29,30.9,23.5,4.5
2025-05-30,32.2,23.6,1.8
2025-05-31,33.6,24.5,0.0
2025-06-01,33.0,24.3,0.2
2025-06-02,31.9,24.0,1.1
2025-06-03,31.8,24.1,0.2
2025-06-04,33.0,23.9,0.1
2025-06-05,32.5,23.9,0.7
2025-06-06,33.8,23.8,0.2
2025-06-07,35.4,25.5,0.0
2025-06-08,35.1,25.5,0.6
2025-06-09,28.6,24.7,6.2
2025-06-10,31.5,24.6,1.6
2025-06-11,30.1,23.9,2.6
2025-06-12,31.1,22.6,10.0
2025-06-13,32.1,24.2,0.9
2025-06-14,31.4,24.6,1.6
2025-06-15,30.9,23.8,5.4
2025-06-16,30.2,23.8,1.6
2025-06-17,31.8,24.1,0.1
2025-06-18,31.4,23.7,0.2
2025-06-19,31.6,24.1,2.3
2025-06-20,31.6,24.1,0.2
2025-06-21,32.5,23.7,0.3
2025-06-22,33.0,23.6,1.0
2025-06-23,31.7,24.0,0.5
2025-06-24,29.4,23.4,12.4
2025-06-25,28.9,23.7,7.2
2025-06-26,30.0,22.8,9.8
2025-06-27,30.4,23.3,1.6
2025-06-28,32.0,23.4,0.3
2025-06-29,32.0,23.8,1.5
2025-06-30,30.6,23.1,8.7
2025-07-01,28.0,22.7,9.6
2025-07-02,27.8,22.7,4.9
2025-07-03,27.7,23.4,1.8
2025-07-04,29.9,23.5,11.5
2025-07-05,29.9,23.9,2.9
2025-07-06,30.8,23.4,2.4
2025-07-07,28.9,23.2,3.0
2025-07-08,29.8,23.3,1.7
2025-07-09,29.9,23.7,0.6
2025-07-10,31.4,22.9,0.7
2025-07-11,31.6,23.4,0.3
2025-07-12,32.2,23.7,1.3
2025-07-13,32.0,24.4,0.0
2025-07-14,32.3,24.2,1.2
2025-07-15,31.2,24.0,2.7
2025-07-16,32.2,23.8,4.3
2025-07-17,31.3,22.8,7.0
2025-07-18,31.1,22.7,12.5
2025-07-19,30.2,22.5,8.5
2025-07-20,29.5,23.7,2.1
2025-07-21,30.3,23.5,3.0
2025-07-22,29.0,23.0,5.5
2025-07-23,27.6,23.0,8.1
2025-07-24,25.7,22.8,8.5
2025-07-25,26.6,22.9,14.9
2025-07-26,24.5,22.6,23.5
2025-07-27,29.3,23.0,0.9
2025-07-28,29.9,22.6,0.0
2025-07-29,29.6,23.2,0.5
2025-07-30,28.5,23.2,2.9
2025-07-31,29.3,23.0,1.0
2025-08-01,30.3,23.3,0.0
2025-08-02,30.8,23.6,0.2
2025-08-03,30.7,23.4,0.6
2025-08-04,31.1,23.4,4.1
2025-08-05,29.6,23.6,6.6
2025-08-06,31.5,22.8,7.0
2025-08-07,30.0,24.1,23.7
2025-08-08,29.5,22.5,3.9
2025-08-09,28.1,21.8,5.4
2025-08-10,28.5,22.8,15.0
2025-08-11,28.6,22.3,9.7
2025-08-12,28.5,22.2,4.4
2025-08-13,26.3,22.2,11.8
2025-08-14,27.4,21.9,8.8
2025-08-15,27.6,22.3,4.8
2025-08-16,26.9,22.5,2.0
2025-08-17,26.6,22.5,7.5
2025-08-18,25.7,22.4,15.6
2025-08-19,26.9,22.1,7.4
2025-08-20,27.5,22.7,2.8
2025-08-21,29.4,22.4,0.1
2025-08-22,28.9,22.7,0.1
2025-08-23,28.8,22.4,0.1
2025-08-24,29.2,22.2,0.1
2025-08-25,29.4,21.9,0.1
2025-08-26,26.7,22.7,19.8
2025-08-27,26.7,22.2,25.8
2025-08-28,26.5,21.8,17.6
2025-08-29,28.6,21.8,1.7
2025-08-30,29.6,22.5,0.4
2025-08-31,28.0,22.9,2.9
2025-09-01,27.9,22.7,8.7
2025-09-02,27.0,22.7,4.5
2025-09-03,28.8,22.2,0.2
2025-09-04,29.4,22.1,0.3
2025-09-05,29.1,22.2,0.6
2025-09-06,28.9,22.8,0.2
2025-09-07,29.3,22.6,0.0
2025-09-08,30.0,22.7,0.5
2025-09-09,31.8,22.2,0.9
2025-09-10,30.7,22.6,12.2
2025-09-11,26.7,22.7,20.5
2025-09-12,25.7,21.9,6.6
2025-09-13,27.2,22.5,11.5
2025-09-14,29.3,21.7,7.2
2025-09-15,28.9,22.6,4.5
2025-09-16,29.4,22.9,7.6
2025-09-17,28.8,22.5,1.2
2025-09-18,30.0,21.9,6.3
2025-09-19,30.3,22.0,16.2
2025-09-20,30.0,21.9,2.2
2025-09-21,29.7,22.4,9.3
2025-09-22,28.4,22.4,6.8
2025-09-23,28.7,22.7,10.2
2025-09-24,28.3,22.5,0.0
2025-09-25,25.7,22.2,6.0
2025-09-26,27.7,21.7,16.9
2025-09-27,25.1,22.0,10.5
2025-09-28,27.1,21.7,3.3
2025-09-29,29.2,21.6,0.0
2025-09-30,28.4,22.1,0.1
2025-10-01,29.2,22.4,0.2
2025-10-02,27.9,23.0,0.0
2025-10-03,29.7,23.0,0.0
2025-10-04,29.7,23.6,0.8
2025-10-05,29.6,22.3,2.3
2025-10-06,29.6,21.5,10.2
2025-10-07,28.5,21.8,3.4
2025-10-08,30.4,22.7,0.7
2025-10-09,29.2,22.0,1.1
2025-10-10,30.7,22.8,0.0
2025-10-11,30.8,21.8,0.0
2025-10-12,31.4,22.3,0.0
2025-10-13,28.1,23.7,0.2
2025-10-14,28.9,22.5,2.1
2025-10-15,29.7,22.3,0.7
2025-10-16,31.0,22.6,0.0
2025-10-17,31.2,22.7,0.7
2025-10-18,31.7,22.6,0.0
2025-10-19,31.1,22.5,1.3
2025-10-20,29.8,22.6,10.8
2025-10-21,30.4,22.8,2.2
2025-10-22,29.8,22.6,5.1
2025-10-23,26.7,22.5,5.5
2025-10-24,25.7,21.9,12.0
2025-10-25,27.0,21.6,20.4
2025-10-26,28.0,21.6,1.0
2025-10-27,28.8,21.3,2.3
2025-10-28,27.8,22.0,16.8
2025-10-29,23.8,21.7,26.7
2025-10-30,28.4,22.3,0.2
2025-10-31,28.5,20.9,0.0
2025-11-01,28.7,22.0,0.1
2025-11-02,29.1,22.5,0.4
2025-11-03,28.8,22.4,1.0
2025-11-04,28.2,22.3,1.6
2025-11-05,29.7,21.7,0.0
2025-11-06,28.7,21.7,0.0
2025-11-07,29.5,21.6,0.0
2025-11-08,28.9,20.3,0.0
2025-11-09,28.0,18.3,0.0
2025-11-10,28.8,18.0,0.0
2025-11-11,29.3,19.2,0.0
2025-11-12,29.5,19.3,0.0
2025-11-13,29.0,18.7,0.0
2025-11-14,28.2,16.4,0.0
2025-11-15,27.8,16.7,0.0
2025-11-16,27.9,17.1,0.0
2025-11-17,27.7,17.4,0.0
2025-11-18,29.1,17.3,0.0
2025-11-19,29.0,17.4,0.0
2025-11-20,28.9,16.6,0.0
2025-11-21,29.7,18.5,0.0
2025-11-22,30.5,20.8,0.0
2025-11-23,31.2,21.0,0.0
2025-11-24,30.2,21.3,0.0
2025-11-25,29.3,19.6,0.0
2025-11-26,29.0,19.1,0.0
2025-11-27,28.5,18.7,0.0
2025-11-28,28.1,19.2,0.0
2025-11-29,27.0,17.2,0.0
2025-11-30,26.9,19.2,0.0
2025-12-01,28.3,19.5,0.2
2025-12-02,28.8,19.0,0.0
2025-12-03,28.5,20.3,0.0
2025-12-04,28.4,20.8,0.1
2025-12-05,28.2,19.7,0.0
2025-12-06,28.3,17.9,0.0
2025-12-07,29.1,18.8,0.0
2025-12-08,28.9,17.3,0.0
2025-12-09,28.8,17.5,0.0
2025-12-10,28.6,17.6,0.0
2025-12-11,28.3,16.8,0.0
2025-12-12,28.2,15.2,0.0
2025-12-13,28.3,15.1,0.0
2025-12-14,28.3,16.4,0.0
2025-12-15,27.7,16.7,0.0
2025-12-16,27.9,17.0,0.0
2025-12-17,29.2,17.7,0.0
2025-12-18,29.0,17.2,0.0
2025-12-19,27.5,17.4,0.0
2025-12-20,27.3,15.9,0.0
2025-12-21,27.0,14.8,0.0
2025-12-22,27.5,17.0,0.0
2025-12-23,27.5,15.6,0.0
2025-12-24,27.1,17.1,0.0
2025-12-25,26.8,16.7,0.0
2025-12-26,26.6,16.2,0.0
2025-12-27,26.9,16.2,0.0
2025-12-28,26.8,16.2,0.0
2025-12-29,26.6,16.5,0.0
2025-12-30,28.0,16.1,0.0
2025-12-31,28.3,16.7,0.0
