date,actual,predicted_regression,predicted_arima
2025-03-15,37.2,37.084274177052606,36.873383091235695
2025-03-16,37.6,37.129127125926274,36.95669620122229
2025-03-17,37.0,37.47331360980283,36.86442190465674
2025-03-18,36.1,37.03148289784072,37.24276574351392
2025-03-19,35.3,36.38439178892715,36.81215066862628
2025-03-20,35.8,35.607270273209885,36.11058304947266
2025-03-21,33.8,35.89463057762404,35.45845950630224
2025-03-22,32.3,33.48109528128683,35.83995826189545
2025-03-23,33.3,33.19389498637081,34.2095655844502
2025-03-24,34.5,34.31398817820635,32.92219152817455
2025-03-25,36.2,35.19459400753163,33.643315104739216
2025-03-26,37.5,36.017353294866076,34.567122318654114
2025-03-27,37.8,36.82462009696326,35.93789349234328
2025-03-28,37.6,37.34991473222155,37.03573442419442
2025-03-29,38.1,37.33357323564655,37.350246761681845
2025-03-30,37.0,37.65704470252079,37.25416019637927
2025-03-31,35.2,37.11276842318659,37.713400732816055
2025-04-01,32.8,35.3441352009783,36.87370919198393
2025-04-02,30.3,33.68638932558145,35.425010648429065
2025-04-03,30.6,31.57544368226944,33.428649466112034
2025-04-04,32.5,31.615397664065146,31.271685180868605
2025-04-05,34.5,33.135391327548774,31.37790742738937
2025-04-06,36.1,34.56119074772329,32.43458544261099
2025-04-07,35.6,36.065156593064415,34.4334355546538
2025-04-08,36.8,35.48897644974123,35.7591160562969
2025-04-09,37.1,36.272337111145305,35.394196748291854
2025-04-10,37.0,36.3055683283374,36.40938682031078
2025-04-11,37.1,36.73299051336817,36.70961695718973
2025-04-12,37.0,37.38372030325836,36.679824390032266
2025-04-13,36.9,37.27081089768104,36.80511342598177
2025-04-14,36.2,37.16322617448303,36.76222864880656
2025-04-15,36.2,36.618254604451025,36.71167567207262
2025-04-16,35.9,36.29126630868959,36.16045107227939
2025-04-17,37.2,35.75153375266779,36.16572981309243
2025-04-18,35.3,37.22306867584906,35.923310247124476
2025-04-19,37.9,35.57328251695105,36.99011867813894
2025-04-20,37.8,37.99334351568848,35.45536953240123
2025-04-21,38.5,38.09278611653311,37.570808683635285
2025-04-22,38.3,38.598749636971405,37.53331695087837
2025-04-23,38.7,38.2241973341107,38.14499088720461
2025-04-24,38.4,38.73012750442828,38.02884635151573
2025-04-25,37.6,38.340305831681945,38.39490957430581
2025-04-26,32.9,37.618473673891586,38.189702557681805
2025-04-27,37.0,33.965025266528635,37.560189338238324
2025-04-28,36.9,37.187820056431285,33.69452445858383
2025-04-29,38.4,37.38032514604457,36.9633787451322
2025-04-30,37.9,38.250605984038444,36.88675739761551
2025-05-01,38.7,37.79576883874071,38.11282771731282
2025-05-02,38.6,38.41347958589103,37.74395404560468
2025-05-03,38.5,38.27040314782991,38.418529545244304
2025-05-04,37.5,37.49522647007708,38.37556909146412
2025-05-05,36.8,37.90132369882515,38.32474305557919
2025-05-06,36.0,37.46696145704909,37.53211602812179
2025-05-07,35.2,36.97373308217995,36.95585464787032
2025-05-08,35.6,35.98168841280493,36.28048053018825
2025-05-09,36.5,36.35365317632633,35.587354834438784
2025-05-10,37.6,36.83190910331832,35.86210693342804
2025-05-11,37.0,37.24202947824764,36.56262953507767
2025-05-12,36.5,37.237553561941155,37.4531974651401
2025-05-13,36.9,36.49557621034171,36.98259873794061
2025-05-14,33.6,36.73072251779004,36.57643967626417
2025-05-15,35.5,34.7981673884601,36.89291222456892
2025-05-16,34.9,35.49021861326876,34.198510392301465
2025-05-17,35.2,35.18892236604242,35.67010962064858
2025-05-18,34.0,34.96007361650183,35.15740336136496
2025-05-19,34.5,34.4634676973333,35.366925233293635
2025-05-20,30.2,34.75582849329046,34.3647264779829
2025-05-21,30.8,31.057193706702364,34.72264577442621
2025-05-22,31.5,31.158075106983134,31.177281850378662
2025-05-23,31.1,32.108558278215895,31.52819845387037
2025-05-24,30.4,31.04364926588521,31.998362309168467
2025-05-25,28.8,30.766351674834926,31.59789214270914
2025-05-26,30.7,29.502601580851664,30.949526543365003
2025-05-27,28.0,30.5410184135129,29.548953639641983
2025-05-28,30.9,28.578428137065387,31.003126191811848
2025-05-29,32.2,30.41153545984158,28.732491833970048
2025-05-30,33.6,32.32963981188104,31.005589948229478
2025-05-31,33.0,33.35385490630646,32.06013145163597
2025-06-01,31.9,32.597742148971626,33.23561884731295
2025-06-02,31.8,31.605640024334697,32.79468296235784
2025-06-03,33.0,31.969578118611285,31.922411775818603
2025-06-04,32.5,33.08992479132344,31.83738068471773
2025-06-05,33.8,32.735085967716664,32.813633325053864
2025-06-06,35.4,33.921051980908345,32.43110946001557
2025-06-07,35.1,34.73790204183364,33.5041020622378
2025-06-08,28.6,34.14578381272621,34.85806522475684
2025-06-09,31.5,29.197045572017416,34.68865027475241
2025-06-10,30.1,31.45220122546081,29.44376713911689
2025-06-11,31.1,30.80049047057949,31.690345974540445
2025-06-12,32.1,31.247171546923823,30.526768728571035
2025-06-13,31.4,32.21296228586044,31.27714416413391
2025-06-14,30.9,31.71846603529563,32.06287601453118
2025-06-15,30.2,30.68755617632894,31.500291356104487
2025-06-16,31.8,30.27277149439409,31.08053387270056
2025-06-17,31.4,32.05301071887892,30.486668837114358
2025-06-18,31.6,31.790384340785845,31.742677267448446
2025-06-19,31.6,31.312360131146026,31.426664996877353
2025-06-20,32.5,31.658367676229616,31.584913192870417
2025-06-21,33.0,32.519973097341534,31.587091382898883
2025-06-22,31.7,32.70786839972974,32.3183858611352
2025-06-23,29.4,31.044791242544722,32.75010307368294
2025-06-24,28.9,29.575551267580614,31.73227886040167
2025-06-25,30.0,29.590523761636483,29.864077911082276
2025-06-26,30.4,30.555310576516362,29.390298541363837
2025-06-27,32.0,30.881624025835013,30.212802293982914
2025-06-28,32.0,32.03902249368392,30.50662691785681
2025-06-29,30.6,31.29953398492599,31.788903564078556
2025-06-30,28.0,29.94287763988907,31.819185873309586
2025-07-01,27.8,28.144522505387968,30.710123988809233
2025-07-02,27.7,28.270276520939937,28.586897412001576
2025-07-03,29.9,28.609265591962473,28.338665180334853
2025-07-04,29.9,29.95513396788724,28.179150349144805
2025-07-05,30.8,29.63952840086337,29.897675562661668
2025-07-06,28.9,30.36033338765762,29.89801125593965
2025-07-07,29.8,29.003145637720927,30.629049517002
2025-07-08,29.9,29.626680021955856,29.112192998406712
2025-07-09,31.4,29.855767471094175,29.811040111212815
2025-07-10,31.6,31.2072911145591,29.890489304732025
2025-07-11,32.2,31.658699347863866,31.1075610558901
2025-07-12,32.0,31.88616280281786,31.311733983424155
2025-07-13,32.3,31.96845880114718,31.839829742118592
2025-07-14,31.2,32.28526642966958,31.728639703288305
2025-07-15,32.2,30.984854397142147,32.01064203782272
2025-07-16,31.3,32.13871874928773,31.15890737543246
2025-07-17,31.1,31.716757873630026,31.975928291628794
2025-07-18,30.2,30.893541014840643,31.277695753454662
2025-07-19,29.5,30.250782892321148,31.11863770866131
2025-07-20,30.3,29.932413863658528,30.385894297341665
2025-07-21,29.0,30.557831405327967,29.791275186208704
2025-07-22,27.6,29.334853557970813,30.399604418628595
2025-07-23,25.7,27.885140181504966,29.330866224559696
2025-07-24,26.6,26.773576087792076,28.145815208768145
2025-07-25,24.5,27.190784844803083,26.51655676170626
2025-07-26,29.3,25.9784947976912,27.136250688948554
2025-07-27,29.9,29.38418509193211,25.340218261624333
2025-07-28,29.6,30.137668859821588,29.13983316298522
2025-07-29,28.5,29.33355091931543,29.652284694208763
2025-07-30,29.3,28.487953815517564,29.44270744985201
2025-07-31,30.3,29.471390483296716,28.570258347568448
2025-08-01,30.8,30.226532885039152,29.2101769956015
2025-08-02,30.7,30.733740962250117,30.0353041307938
2025-08-03,31.1,30.715778693416446,30.47880195472522
2025-08-04,29.6,30.890454691065642,30.441845751469906
2025-08-05,31.5,30.293087008117517,30.802723114619397
2025-08-06,30.0,31.3316299780079,29.62432136172581
2025-08-07,29.5,30.19979420727356,31.164033667248
2025-08-08,28.1,30.15649732593311,29.992305939836463
2025-08-09,28.5,29.057779618841742,29.58752975519769
2025-08-10,28.6,28.694336765423724,28.438521986200815
2025-08-11,28.5,28.974565036656315,28.716944817220455
2025-08-12,26.3,28.74121828371927,28.768374174869194
2025-08-13,27.4,26.96436379452775,28.664075996396438
2025-08-14,27.6,27.71240468722857,26.85372439600988
2025-08-15,26.9,27.841121308264164,27.67216581688226
2025-08-16,26.6,27.00777011113746,27.797175162843956
2025-08-17,25.7,26.792816446323666,27.20104176608456
2025-08-18,26.9,26.54985407500223,26.91534630026982
2025-08-19,27.5,27.145124528729898,26.139026527304615
2025-08-20,29.4,27.86273607956342,27.054442108319023
2025-08-21,28.9,29.701565756407316,27.521099167035075
2025-08-22,28.8,29.125526166266756,29.064848606470818
2025-08-23,29.2,28.650805654535453,28.703726791004307
2025-08-24,29.4,29.32272553481152,28.649252389920186
2025-08-25,26.7,29.613477274665204,28.99515963841457
2025-08-26,26.7,27.26342191799097,29.18577828336115
2025-08-27,26.5,26.63866532849837,27.021318068500214
2025-08-28,28.6,27.11915026559142,26.97726922346297
2025-08-29,29.6,28.849945854314967,26.77674564027141
2025-08-30,28.0,29.877236391384162,28.444918713506755
2025-08-31,27.9,28.12029217681204,29.278582592274173
2025-09-01,27.0,27.978448653242886,28.02272453375232
2025-09-02,28.8,27.33351055853704,27.938492389639602
2025-09-03,29.4,28.67754049352133,27.202960376920217
2025-09-04,29.1,29.419824989055193,28.635325617834354
2025-09-05,28.9,29.354558459035683,29.1446896836984
2025-09-06,29.3,29.213344049188443,28.936106115906608
2025-09-07,30.0,29.446719243375792,28.796201887756194
2025-09-08,31.8,30.153623950719833,29.13485271369681
2025-09-09,30.7,31.86759693559719,29.725477725025094
2025-09-10,26.7,30.507108668999887,31.22591939132473
2025-09-11,25.7,27.31972845786525,30.41015081357748
2025-09-12,27.2,26.928747698740494,27.203974472513877
2025-09-13,29.3,27.748369590446647,26.318908600752955
2025-09-14,28.9,29.387318111167037,27.45608303919797
2025-09-15,29.4,29.023248765069106,29.12435252396887
2025-09-16,28.8,29.09602449354318,28.82377009819462
2025-09-17,30.0,29.155334229328247,29.239234214397342
2025-09-18,30.3,29.98988128569097,28.77460797017988
2025-09-19,30.0,30.125099309754585,29.750360271157344
2025-09-20,29.7,29.886673112049934,30.027309627520214
2025-09-21,28.4,29.5220910771426,29.820805188078914
2025-09-22,28.7,28.69885408158504,29.60173537948384
2025-09-23,28.3,28.736007364506612,28.56116351215507
2025-09-24,25.7,28.707163180379474,28.782727978242672
2025-09-25,27.7,26.508074009360413,28.44737121774173
2025-09-26,25.1,27.5505262959226,26.317670583151763
2025-09-27,27.1,26.228087788009336,27.858750518550448
2025-09-28,29.2,27.345728453851134,25.730107797530348
2025-09-29,28.4,29.503944137836296,27.266836134885796
2025-09-30,29.2,28.615752306967476,28.94390771563227
2025-10-01,27.9,28.991359794809412,28.330746858337847
2025-10-02,29.7,28.237812381650446,28.98724703974145
2025-10-03,29.7,29.582880128650338,27.964510693520943
2025-10-04,29.6,29.569548253714082,29.410393854199885
2025-10-05,29.6,29.353201377478683,29.449464804057392
2025-10-06,28.5,29.39103240783335,29.40229853281151
2025-10-07,30.4,28.871371590050735,29.42885210279226
2025-10-08,29.2,30.286807258802078,28.56268381966288
2025-10-09,30.7,29.93080051657636,30.089353887450528
2025-10-10,30.8,30.646939547380427,29.1618098658144
2025-10-11,31.4,30.89147153888125,30.378183453246443
2025-10-12,28.1,31.26714989317853,30.502714803892047
2025-10-13,28.9,28.670194775025152,31.028179665707313
2025-10-14,29.7,28.629878731036918,28.414145247380237
2025-10-15,31.0,30.029239073603296,29.01753186596021
2025-10-16,31.2,31.231587093504185,29.646656894612295
2025-10-17,31.7,31.387228867097292,30.701698193281878
2025-10-18,31.1,31.603045896708384,30.903694691582757
2025-10-19,29.8,30.579241606569703,31.3476247153747
2025-10-20,30.4,29.826604272399702,30.911514080264116
2025-10-21,29.8,30.00375311526956,29.888417362827358
2025-10-22,26.7,29.58538799050934,30.3604332548058
2025-10-23,25.7,27.09357209004009,29.88199419549892
2025-10-24,27.0,26.70489441928963,27.36816434210391
2025-10-25,28.0,27.60277413486848,26.463908871065836
2025-10-26,28.8,28.404095547649266,27.41557221534678
2025-10-27,27.8,29.172182491476562,28.168987595223964
2025-10-28,23.8,27.194623461478653,28.793252328527537
2025-10-29,28.4,24.787889220270053,27.985889508392436
2025-10-30,28.5,28.691995130322166,24.72605569896865
2025-10-31,28.7,29.164063767810564,28.316001304427417
2025-11-01,29.1,28.519446808638637,28.40799984008787
2025-11-02,28.8,28.687122492444605,28.58144633014326
2025-11-03,28.2,29.034975592385,28.919343967678454
2025-11-04,29.7,27.998855291836268,28.702461140196572
2025-11-05,28.7,29.498078015789424,28.233353542737877
2025-11-06,29.5,29.272210075795833,29.434223830503555
2025-11-07,28.9,29.56795348823451,28.666356564191954
2025-11-08,28.0,29.358582326263136,29.313455131060717
2025-11-09,28.8,28.549832220465174,28.856636150932683
2025-11-10,29.3,29.288259393421377,28.13974592217416
2025-11-11,29.5,29.656162228269185,28.76331203754761
2025-11-12,29.0,29.595478453695165,29.169706806951876
2025-11-13,28.2,29.12273045936665,29.347894234360638
2025-11-14,27.8,28.587678514845,28.966900730446824
2025-11-15,27.9,28.360989743838456,28.329038517418255
2025-11-16,27.7,28.355937698585333,27.990367353148244
2025-11-17,29.1,28.176987500968625,28.04503462297267
2025-11-18,29.0,29.043192894725767,27.86486140992193
2025-11-19,28.9,29.017441199447692,28.966832187739584
2025-11-20,29.7,29.168783165020923,28.904472225456427
2025-11-21,30.5,29.846510420649402,28.837039051650947
2025-11-22,31.2,29.97499609838696,29.487878771368475
2025-11-23,30.2,30.633630219757936,30.159287552945592
2025-11-24,29.3,30.284411491758497,30.768405728379996
2025-11-25,29.0,29.645892184518818,30.022235329515514
2025-11-26,28.5,29.38629353876467,29.322792670830005
2025-11-27,28.1,29.003833874255246,29.078587534461388
2025-11-28,27.0,28.363470969511045,28.6660890902071
2025-11-29,26.9,27.676083374378823,28.32217237613969
2025-11-30,28.3,27.35971939051974,27.407270746951365
2025-12-01,28.8,28.31104477188609,27.272151766638654
2025-12-02,28.5,28.97664961118647,28.349294424152163
2025-12-03,28.4,28.666166425310312,28.744855198108105
2025-12-04,28.2,28.627857464295595,28.510915380249198
2025-12-05,28.3,28.559289240827233,28.42905432196265
2025-12-06,29.1,28.560868538011498,28.26437711888331
2025-12-07,28.9,28.81760422851038,28.336229617427193
2025-12-08,28.8,28.828667374194513,28.97468037026776
2025-12-09,28.6,28.709052985503675,28.83049609346096
2025-12-10,28.3,28.59379139702942,28.75931978421486
2025-12-11,28.2,28.312086167915172,28.603919925401893
2025-12-12,28.3,28.42414123586425,28.362205150541904
2025-12-13,28.3,28.53357154390601,28.2735443535839
2025-12-14,27.7,28.384983032791016,28.344181776004408
2025-12-15,27.9,27.95128859874818,28.338316137624208
2025-12-16,29.2,27.926703863105665,27.850809639033546
2025-12-17,29.0,29.028859861199553,27.991591833194118
2025-12-18,27.5,28.922946660964474,29.024571776485793
2025-12-19,27.3,27.569085770994793,28.887064199652357
2025-12-20,27.0,27.424289695466467,27.69650304804424
2025-12-21,27.5,27.398382461101647,27.50954778954143
2025-12-22,27.5,27.883674811643086,27.24041695801242
2025-12-23,27.1,27.886567600934956,27.61047055797617
2025-12-24,26.8,27.402521493523768,27.59578034201176
2025-12-25,26.6,27.417259860798858,27.261443339887705
2025-12-26,26.9,26.983535676125772,26.998696986401256
2025-12-27,26.8,27.114470742602553,26.81133394934283
2025-12-28,26.6,27.114280486098277,27.024432082408136
2025-12-29,28.0,26.991393858795476,26.927397123773186
2025-12-30,28.3,27.959252443561297,26.74952075455648
